{
  "cognito": {
    "poolId": "us-east-1:c9872cdc-d9c4-421e-be6c-4764ab18501c"
  },
  "lex": {
    "botName": "CR_chatbot",
    "initialText": "You can ask me for help look up cross border fees. Just type \"cross border fees\" or click on the mic and say it.",
    "initialSpeechInstruction": "Say 'cross border fees' to get started."
  },
  "ui": {
    "parentOrigin": "",
    "toolbarTitle": "Policy Lookup",
    "toolbarLogo": "",
    "pushInitialTextOnRestart": true
  },
  "polly": {
    "voiceId": "Salli"
  },
  "recorder": {
    "preset": "speech_recognition"
  },
  "iframe": {
    "iframeOrigin": "",
    "iframeSrcPath": "/index.html#/?lexWebUiEmbed=true",
    "shouldLoadIframeMinimized": true
  }
}