{
  "cognito": {
    "poolId": "us-east-1:5d350da1-897e-47aa-8c62-be35e6778919"
  },
  "lex": {
    "botName": "CR_chatbot",
    "initialText": "Hi, I’m Brian the CarRentals Bot. You can ask me to look up cross border fees for existing bookings. Please type 'cbf' or 'cross border fees' to start.",
    "initialSpeechInstruction": "Say 'cross border fees' to get started."
  },
  "ui": {
    "parentOrigin": "",
    "toolbarTitle": "CarRentals Bot",
    "toolbarLogo": ""
  },
  "polly": {
    "voiceId": "Salli"
  },
  "recorder": {
    "preset": "speech_recognition"
  },
  "iframe": {
    "iframeOrigin": "",
    "iframeSrcPath": "/index.html#/?lexWebUiEmbed=true",
    "shouldLoadIframeMinimized": false
  }
}